Entropy0;Entropy1;Entropy2;Entropy3;Entropy4;Entropy5;Entropy6;Entropy7;Entropy8;Entropy9;Entropy10;Entropy11;Entropy12;Entropy13;Entropy14;Entropy15;Entropy16;Entropy17;Entropy18;Entropy19
9.360436702273315;9.363584139429465;9.384949378353914;9.371791469579552;9.29752083205583;9.32682846155889;9.271097861656136;9.27873929844007;9.290743166216835;9.289400584198086;9.39245659298234;9.460384070678497;9.305805371687839;9.29677954031821;9.316098061347057;9.12177539199289;9.37601686988803;9.355476404980376;8.592131539647534;3.700053914489926
9.360436702273315;9.363584139429465;9.384949378353914;9.371791469579552;9.29752083205583;9.32682846155889;9.271097861656136;9.27873929844007;9.290743166216835;9.289400584198086;9.39245659298234;9.460384070678497;9.305805371691983;9.296779540331729;9.31609818901047;9.121779871367078;9.376221081624932;9.355734838728408;9.385465127726953;9.317481699913369
