Entropy0;Entropy1;Entropy2;Entropy3;Entropy4;Entropy5;Entropy6;Entropy7;Entropy8;Entropy9
9.30282160544754;9.350316492162534;9.31232047938659;9.156610087093176;9.31232047938659;8.99148433257167;9.277213027351205;9.054736081214685;8.994760917398777;8.672494247770977
