Entropy0;Entropy1;Entropy2;Entropy3;Entropy4;Entropy5;Entropy6;Entropy7;Entropy8;Entropy9
16.92753302110748;17.93689132106681;16.596568743531463;16.989600978815574;16.66081143138669;16.663561533855106;16.759582693021976;16.840332054809597;16.879718956633557;16.788371233291024
