Type;CurrentTime;ClientID;MessageID;NumPackets;MsgTimeQueued;MsgTimeSent;MsgTimeDelivered;MsgTransitTime;MsgSize;MsgRealSender
RCV_MSG;102.90740562499688;3d28e79c7abcc62d5f26ee7e26b79cadb444394f5089e63f8f031398492a59f6;29375b05b84799a059ebf2a231fd0a87444eca36aeafe02cfb182c6a52717311;1;101.0;101.60892038475728;102.90740562499688;1.2984852402396;2;1
