Type;CurrentTime;ClientID;PacketID;PacketType;MessageID;PacketTimeQueued;PacketTimeSent;PacketTimeDelivered;TotalFragments;PrOthers;PrSenderA;PrSenderB;RealSenderLabel;Route;PoolSizes
RCV_PKT_REAL;102.90740562499688;3d28e79c7abcc62d5f26ee7e26b79cadb444394f5089e63f8f031398492a59f6;67bbe3068cfe9e75a469bc1c3e5399b907c2594088b1d2ac217ccd32c95b2931;REAL;29375b05b84799a059ebf2a231fd0a87444eca36aeafe02cfb182c6a52717311;101.0;101.60892038475728;102.90740562499688;1;0.9847589821149617;0.008221067433678552;0.007019950451359686;1;[M1, M3, M6, 3d28e79c7abcc62d5f26ee7e26b79cadb444394f5089e63f8f031398492a59f6];[]
